{"cameraMode":{"drawMode":0,"name":"Shaded","section":"Shading Mode"},"sceneLighting":true,"audioPlay":false,"sceneViewState":{"showFog":true,"showMaterialUpdate":false,"showSkybox":true,"showFlares":true,"showImageEffects":true,"showParticleSystems":true},"in2DMode":false,"pivot":{"x":0.0,"y":1.5499998331069947,"z":10.786890029907227},"rotation":{"x":-0.06185002252459526,"y":0.7248263955116272,"z":-0.06563736498355866,"w":-0.6830029487609863},"size":6.839621543884277,"orthographic":false}