{"cameraMode":{"drawMode":0,"name":"Shaded","section":"Shading Mode"},"sceneLighting":false,"audioPlay":false,"sceneViewState":{"showFog":true,"showMaterialUpdate":false,"showSkybox":true,"showFlares":true,"showImageEffects":true,"showParticleSystems":true},"in2DMode":false,"pivot":{"x":-0.017231464385986329,"y":0.5098109841346741,"z":-0.01747751235961914},"rotation":{"x":0.1272967904806137,"y":0.36558404564857485,"z":-0.05054967477917671,"w":0.9206457734107971},"size":36.73925018310547,"orthographic":false}