{"cameraMode":{"drawMode":0,"name":"Shaded","section":"Shading Mode"},"sceneLighting":false,"audioPlay":false,"sceneViewState":{"showFog":true,"showMaterialUpdate":false,"showSkybox":true,"showFlares":true,"showImageEffects":true,"showParticleSystems":true},"in2DMode":false,"pivot":{"x":-0.017230749130249025,"y":0.5098108053207398,"z":1.3254873752593995},"rotation":{"x":0.1272967904806137,"y":0.36558404564857485,"z":-0.05054967477917671,"w":0.9206457734107971},"size":33.227970123291019,"orthographic":false}