{"cameraMode":{"drawMode":0,"name":"Shaded","section":"Shading Mode"},"sceneLighting":false,"audioPlay":false,"sceneViewState":{"showFog":true,"showMaterialUpdate":false,"showSkybox":true,"showFlares":true,"showImageEffects":true,"showParticleSystems":true},"in2DMode":false,"pivot":{"x":17.299999237060548,"y":2.1999998092651369,"z":12.600000381469727},"rotation":{"x":-0.25454214215278628,"y":-0.013054858893156052,"z":0.0034365239553153517,"w":-0.9669675230979919},"size":2.8578836917877199,"orthographic":false}