{"cameraMode":{"drawMode":0,"name":"Shaded","section":"Shading Mode"},"sceneLighting":false,"audioPlay":false,"sceneViewState":{"showFog":true,"showMaterialUpdate":false,"showSkybox":true,"showFlares":true,"showImageEffects":true,"showParticleSystems":true},"in2DMode":false,"pivot":{"x":1.1920928955078126e-7,"y":0.16294029355049134,"z":0.0},"rotation":{"x":0.31404170393943789,"y":0.46704038977622988,"z":-0.18190093338489533,"w":0.8063269853591919},"size":7.308016300201416,"orthographic":false}