{"cameraMode":{"drawMode":0,"name":"Shaded","section":"Shading Mode"},"sceneLighting":false,"audioPlay":false,"sceneViewState":{"showFog":true,"showMaterialUpdate":false,"showSkybox":true,"showFlares":true,"showImageEffects":true,"showParticleSystems":true},"in2DMode":false,"pivot":{"x":0.10000000894069672,"y":2.069999933242798,"z":-23.6299991607666},"rotation":{"x":0.2342488318681717,"y":0.6684058904647827,"z":-0.2352353036403656,"w":0.6656016111373901},"size":2.8578836917877199,"orthographic":true}