{"cameraMode":{"drawMode":0,"name":"Shaded","section":"Shading Mode"},"sceneLighting":false,"audioPlay":false,"sceneViewState":{"showFog":true,"showMaterialUpdate":false,"showSkybox":true,"showFlares":true,"showImageEffects":true,"showParticleSystems":true},"in2DMode":false,"pivot":{"x":4.72467041015625,"y":2.2899999618530275,"z":-30.700000762939454},"rotation":{"x":0.4222959578037262,"y":-0.07058531045913696,"z":0.033005546778440478,"w":0.9031027555465698},"size":5.6401519775390629,"orthographic":true}