{"cameraMode":{"drawMode":0,"name":"Shaded","section":"Shading Mode"},"sceneLighting":false,"audioPlay":false,"sceneViewState":{"showFog":true,"showMaterialUpdate":false,"showSkybox":true,"showFlares":true,"showImageEffects":true,"showParticleSystems":true},"in2DMode":false,"pivot":{"x":-1.1920928955078126e-7,"y":0.7889114618301392,"z":0.025130867958068849},"rotation":{"x":-0.29660746455192568,"y":0.5598656535148621,"z":-0.22426694631576539,"w":-0.7404585480690002},"size":5.059974670410156,"orthographic":false}