{"cameraMode":{"drawMode":0,"name":"Shaded","section":"Shading Mode"},"sceneLighting":false,"audioPlay":false,"sceneViewState":{"showFog":true,"showMaterialUpdate":false,"showSkybox":true,"showFlares":true,"showImageEffects":true,"showParticleSystems":true},"in2DMode":false,"pivot":{"x":30.59000015258789,"y":2.1999998092651369,"z":-4.409999847412109},"rotation":{"x":-0.09248462319374085,"y":0.5926556587219238,"z":-0.06875772774219513,"w":-0.7971689701080322},"size":5.557884216308594,"orthographic":false}