{"cameraMode":{"drawMode":0,"name":"Shaded","section":"Shading Mode"},"sceneLighting":true,"audioPlay":false,"sceneViewState":{"showFog":true,"showMaterialUpdate":false,"showSkybox":true,"showFlares":true,"showImageEffects":true,"showParticleSystems":true},"in2DMode":false,"pivot":{"x":6.776176452636719,"y":-0.08405140042304993,"z":1.0455341339111329},"rotation":{"x":0.17259980738162995,"y":-0.2496252954006195,"z":0.04526904225349426,"w":0.9517601132392883},"size":135.31765747070313,"orthographic":false}