{"cameraMode":{"drawMode":0,"name":"Shaded","section":"Shading Mode"},"sceneLighting":false,"audioPlay":false,"sceneViewState":{"showFog":true,"showMaterialUpdate":false,"showSkybox":true,"showFlares":true,"showImageEffects":true,"showParticleSystems":true},"in2DMode":false,"pivot":{"x":0.7642465829849243,"y":0.6450471878051758,"z":0.1400003433227539},"rotation":{"x":0.12369213253259659,"y":0.8655228614807129,"z":-0.2620580494403839,"w":0.4085291624069214},"size":3.4050381183624269,"orthographic":false}