{"cameraMode":{"drawMode":0,"name":"Shaded","section":"Shading Mode"},"sceneLighting":false,"audioPlay":false,"sceneViewState":{"showFog":true,"showMaterialUpdate":false,"showSkybox":true,"showFlares":true,"showImageEffects":true,"showParticleSystems":true},"in2DMode":false,"pivot":{"x":-0.017230749130249025,"y":0.49800068140029909,"z":-0.018683433532714845},"rotation":{"x":0.47981321811676028,"y":0.4279383420944214,"z":-0.289576917886734,"w":0.7090790867805481},"size":29.95630645751953,"orthographic":false}